"node_id","name"
0,"A1_ALPHA2"
1,"AAC1"
2,"AAC3"
3,"ABF1"
4,"ACC1"
5,"ACE2"
6,"ACO1"
7,"ACS1"
8,"ACT1"
9,"ADE1"
10,"ADE12"
11,"ADE13"
12,"ADE17"
13,"ADE2"
14,"ADE3"
15,"ADE4"
16,"ADE5"
17,"ADE6"
18,"ADE8"
19,"ADH1"
20,"ADH2"
21,"ADH4"
22,"ADK1"
23,"ADR1"
24,"AFR1"
25,"AGA1"
26,"AHP1"
27,"ALD2"
28,"ALD3"
29,"ALPHA1"
30,"ALPHA2"
31,"ANB1"
32,"APA1"
33,"ARA1"
34,"ARG1"
35,"ARG2"
36,"ARG3"
37,"ARG4"
38,"ARG5"
39,"ARG7"
40,"ARG8"
41,"ARO10"
42,"ARO3"
43,"ARO4"
44,"ARO7"
45,"ARO80"
46,"ARO9"
47,"ASH1"
48,"ASN1"
49,"ASN2"
50,"ASP3A"
51,"ASP3B"
52,"ASP3C"
53,"ASP3D"
54,"ATX1"
55,"BAP2"
56,"BAR1"
57,"BAS1"
58,"BNI5"
59,"CAF16"
60,"CAF4"
61,"CAN1"
62,"CAR1"
63,"CAR2"
64,"CAT2"
65,"CAT5"
66,"CAT8"
67,"CBF1"
68,"CCC2"
69,"CCP1"
70,"CCR4"
71,"CDC10"
72,"CDC11"
73,"CDC19"
74,"CDC2"
75,"CDC21"
76,"CDC36"
77,"CDC39"
78,"CDC48"
79,"CDC5"
80,"CDC50"
81,"CDC6"
82,"CDC8"
83,"CDC9"
84,"CDS1"
85,"CHA1"
86,"CHA4"
87,"CHO1"
88,"CHO2"
89,"CHS1"
90,"CIK1"
91,"CIN5"
92,"CIT1"
93,"CIT2"
94,"CKI1"
95,"CLB1"
96,"CLB2"
97,"CLB5"
98,"CLB6"
99,"CLN1"
100,"CLN2"
101,"CLN3"
102,"CO1"
103,"COX4"
104,"COX5A"
105,"COX5B"
106,"COX6"
107,"CPA1"
108,"CPA2"
109,"CPH1"
110,"CRC1"
111,"CRR1"
112,"CRZ1"
113,"CTA1"
114,"CTF4"
115,"CTR1"
116,"CTR3"
117,"CTS1"
118,"CTT1"
119,"CUP1A"
120,"CUP1B"
121,"CUP2"
122,"CUP9"
123,"CYB2"
124,"CYC1"
125,"CYC7"
126,"CYS3"
127,"CYT1"
128,"DAK1"
129,"DAL1"
130,"DAL2"
131,"DAL3"
132,"DAL4"
133,"DAL5"
134,"DAL7"
135,"DAL80"
136,"DAL80_GZF3"
137,"DAL81"
138,"DBF4"
139,"DCG1"
140,"DCI1"
141,"DDR2"
142,"DDR48"
143,"DED1"
144,"DHH1"
145,"DIT1"
146,"DIT2"
147,"DLD3"
148,"DMC1"
149,"DNA43"
150,"DNM1"
151,"DOG2"
152,"DPB2"
153,"DPB3"
154,"DPP1"
155,"DUR1"
156,"DUR3"
157,"ECI1"
158,"EGT2"
159,"ENA1"
160,"ENO1"
161,"ENO2"
162,"ENT1"
163,"EPT1"
164,"ERG10"
165,"ERG11"
166,"ERG24"
167,"FAA2"
168,"FAR1"
169,"FAS1"
170,"FAS2"
171,"FBA1"
172,"FET3"
173,"FET4"
174,"FIG1"
175,"FIG2"
176,"FIT1"
177,"FIT2"
178,"FIT3"
179,"FKH2"
180,"FKS1"
181,"FLO1"
182,"FLO10"
183,"FLO5"
184,"FLO8"
185,"FLR1"
186,"FOX2"
187,"FRE1"
188,"FRE2"
189,"FRE7"
190,"FTH1"
191,"FTR1"
192,"FUR4"
193,"FUS1"
194,"FUS3"
195,"FZF1"
196,"GAL1"
197,"GAL10"
198,"GAL11"
199,"GAL2"
200,"GAL3"
201,"GAL4"
202,"GAL7"
203,"GAL80"
204,"GAP1"
205,"GAS1"
206,"GAT1"
207,"GAT4"
208,"GCN4"
209,"GCR1"
210,"GCV3"
211,"GCY1"
212,"GDH1"
213,"GDH2"
214,"GDH3"
215,"GEF1"
216,"GIC2"
217,"GIS1"
218,"GLK1"
219,"GLN1"
220,"GLN3"
221,"GLO1"
222,"GLR1"
223,"GLT1"
224,"GPD1"
225,"GPM1"
226,"GPX2"
227,"GRE2"
228,"GRE3"
229,"GRX1"
230,"GSC2"
231,"GSH1"
232,"GUT1"
233,"HAL1"
234,"HAL9"
235,"HAP1"
236,"HAP2"
237,"HAP3"
238,"HAP4"
239,"HDA1"
240,"HEM1"
241,"HEM13"
242,"HEM2"
243,"HEM3"
244,"HHF1"
245,"HHF2"
246,"HIS1"
247,"HIS2"
248,"HIS3"
249,"HIS4"
250,"HIS5"
251,"HIS6"
252,"HIS7"
253,"HMG1"
254,"HNM1"
255,"HO"
256,"HOM2"
257,"HOM3"
258,"HOP1"
259,"HOR2"
260,"HSC82"
261,"HSF1"
262,"HSP104"
263,"HSP12"
264,"HSP26"
265,"HSP42"
266,"HSP78"
267,"HSP82"
268,"HTA1"
269,"HTB1"
270,"HTB2"
271,"HUG1"
272,"HXK1"
273,"HXT1"
274,"HXT11"
275,"HXT13"
276,"HXT2"
277,"HXT3"
278,"HXT4"
279,"HXT6"
280,"HXT7"
281,"HXT9"
282,"HYM1"
283,"HYP2"
284,"ICL1"
285,"IDH1"
286,"IDH2"
287,"IDP2"
288,"IDP3"
289,"ILV1"
290,"ILV2"
291,"ILV5"
292,"IME1"
293,"IME2"
294,"IME4"
295,"INH1"
296,"INO1"
297,"INO2"
298,"INO2_INO4"
299,"INO4"
300,"IPT1"
301,"ISC1"
302,"ITR1"
303,"IXR1"
304,"JEN1"
305,"KAR2"
306,"KAR3"
307,"KAR4"
308,"KAR5"
309,"KGD1"
310,"KGD2"
311,"KRS1"
312,"KTR1"
313,"KTR2"
314,"LAP3"
315,"LEU1"
316,"LEU2"
317,"LEU3"
318,"LEU4"
319,"LPD1"
320,"LYS1"
321,"LYS12"
322,"LYS14"
323,"LYS2"
324,"LYS20"
325,"LYS5"
326,"LYS9"
327,"MAC1"
328,"MAK10"
329,"MAL31"
330,"MAL32"
331,"MAL33"
332,"MBP1_SWI6"
333,"MCD4"
334,"MCM1"
335,"MDH1"
336,"MDH2"
337,"MDH3"
338,"MDJ1"
339,"MEI4"
340,"MEK1"
341,"MEL1"
342,"MER1"
343,"MET14"
344,"MET16"
345,"MET17"
346,"MET2"
347,"MET28"
348,"MET3"
349,"MET4"
350,"MET6"
351,"MET8"
352,"MFALPHA1"
353,"MFALPHA2"
354,"MID2"
355,"MIG1"
356,"MIG2"
357,"MOT3"
358,"MPT5"
359,"MSN1"
360,"MSN2"
361,"MSN4"
362,"MTC2"
363,"MTH1"
364,"MUC1"
365,"MUG1"
366,"NDT80"
367,"NRG1"
368,"NUF1"
369,"NUP116"
370,"OAF1"
371,"OAF1_PIP2"
372,"ODC2"
373,"OLE1"
374,"OPI3"
375,"OYE3"
376,"PAU3"
377,"PAU4"
378,"PAU5"
379,"PCL1"
380,"PCL10"
381,"PCL2"
382,"PCL9"
383,"PDC1"
384,"PDR1"
385,"PDR10"
386,"PDR11"
387,"PDR15"
388,"PDR3"
389,"PDR5"
390,"PEP1"
391,"PET18"
392,"PET9"
393,"PEX1"
394,"PEX11"
395,"PEX5"
396,"PGI1"
397,"PGK1"
398,"PGM1"
399,"PGM2"
400,"PGS1"
401,"PGU1"
402,"PHD1"
403,"PHO11"
404,"PHO12"
405,"PHO2"
406,"PHO23"
407,"PHO3"
408,"PHO4"
409,"PHO5"
410,"PHO8"
411,"PHO81"
412,"PHO84"
413,"PHR1"
414,"PMA1"
415,"PMC1"
416,"PMS1"
417,"PNC1"
418,"POL1"
419,"POL12"
420,"POL2"
421,"POP2"
422,"POT1"
423,"POX1"
424,"PPR1"
425,"PRB1"
426,"PRE6"
427,"PRI1"
428,"PRI2"
429,"PRM1"
430,"PRM3"
431,"PRM5"
432,"PRO1"
433,"PSD1"
434,"PST1"
435,"PST2"
436,"PTP1"
437,"PTP2"
438,"PTR2"
439,"PUT1"
440,"PUT2"
441,"PUT4"
442,"PXA1"
443,"PXA2"
444,"PYC1"
445,"QCR2"
446,"QCR8"
447,"QDR1"
448,"RAD27"
449,"RAD5"
450,"RAD51"
451,"RAD53"
452,"RAD54"
453,"RAP1"
454,"RAS2"
455,"RCS1"
456,"REB1"
457,"REC102"
458,"REC114"
459,"RED1"
460,"REG2"
461,"RFA1"
462,"RFA2"
463,"RFA3"
464,"RFX1"
465,"RGT1"
466,"RIM101"
467,"RIM11"
468,"RIM4"
469,"RME1"
470,"RNR1"
471,"RNR3"
472,"ROX1"
473,"RPH1"
474,"RPL19A"
475,"RPL19B"
476,"RPL24A"
477,"RPL40A"
478,"RPL4A"
479,"RPL4B"
480,"RPM2"
481,"RPN1"
482,"RPN11"
483,"RPN4"
484,"RPP2B"
485,"RPS13"
486,"RPS14A"
487,"RPS14B"
488,"RPS6A"
489,"RPT1"
490,"RS5"
491,"RTA1"
492,"RTG1"
493,"RTG1_RTG3"
494,"RTG2"
495,"RTG3"
496,"RTS2"
497,"SAG1"
498,"SAM2"
499,"SAN1"
500,"SCH9"
501,"SDH1"
502,"SDH2"
503,"SDH3"
504,"SDH4"
505,"SDS3"
506,"SER1"
507,"SER3"
508,"SFP1"
509,"SGA1"
510,"SHM2"
511,"SIC1"
512,"SIN3"
513,"SIP4"
514,"SKI8"
515,"SKN7"
516,"SKO1"
517,"SLZ1"
518,"SMF2"
519,"SMK1"
520,"SNF2"
521,"SNF5"
522,"SNF6"
523,"SNQ2"
524,"SOD1"
525,"SOD2"
526,"SPC25"
527,"SPC42"
528,"SPL2"
529,"SPO11"
530,"SPO12"
531,"SPO13"
532,"SPO16"
533,"SPR3"
534,"SPS1"
535,"SPS100"
536,"SPS19"
537,"SPS2"
538,"SPS4"
539,"SPT16"
540,"SPT21"
541,"SPT4"
542,"SPT5"
543,"SPT6"
544,"SRB7"
545,"SRD1"
546,"SRL1"
547,"SSA1"
548,"SSA3"
549,"SSA4"
550,"SSE1"
551,"SSN6"
552,"SST2"
553,"SSU1"
554,"STA1"
555,"STA2"
556,"STE12"
557,"STE2"
558,"STE3"
559,"STE4"
560,"STE5"
561,"STE6"
562,"STP1"
563,"SUC1"
564,"SUC2"
565,"SUC4"
566,"SUM1"
567,"SUR4"
568,"SUT1"
569,"SWI1"
570,"SWI3"
571,"SWI4"
572,"SWI4_SWI6"
573,"SWI5"
574,"SWI6"
575,"TAF90"
576,"TAL1"
577,"TDH1"
578,"TEC1"
579,"TEF1"
580,"TEF2"
581,"TES1"
582,"THI2"
583,"THI20"
584,"THI21"
585,"THI22"
586,"THI6"
587,"THI80"
588,"THR1"
589,"TIS11"
590,"TKL2"
591,"TOP1"
592,"TOP2"
593,"TOS11"
594,"TPI1"
595,"TPS1"
596,"TPS2"
597,"TRP1"
598,"TRP2"
599,"TRP3"
600,"TRP4"
601,"TRP5"
602,"TRR1"
603,"TRX2"
604,"TSA1"
605,"TSL1"
606,"TTR1"
607,"TUB2"
608,"TUB4"
609,"TUP1"
610,"UBA1"
611,"UBC11"
612,"UBI4"
613,"UGA1"
614,"UGA2"
615,"UGA3"
616,"UGA4"
617,"UME6"
618,"UNG1"
619,"URA1"
620,"URA10"
621,"URA3"
622,"URA4"
623,"WSC2"
624,"XBP1"
625,"YAP1"
626,"YAP6"
627,"YBR025C"
628,"YBR026C"
629,"YBR070C"
630,"YBR101C"
631,"YBR159W"
632,"YCF1"
633,"YDL222C"
634,"YDR453C"
635,"YDR516C"
636,"YEL033W"
637,"YEL070W"
638,"YFL054C"
639,"YFR055W"
640,"YGR086C"
641,"YGR149W"
642,"YHL021C"
643,"YHR156C"
644,"YIL037C"
645,"YIL083C"
646,"YIL169C"
647,"YJL017W"
648,"YJL142C"
649,"YJL217W"
650,"YJL218W"
651,"YKL151C"
652,"YKR075C"
653,"YLR004C"
654,"YLR042C"
655,"YLR414C"
656,"YMR318C"
657,"YNL051W"
658,"YNL077W"
659,"YNL134C"
660,"YNL159C"
661,"YNL274C"
662,"YOL002C"
663,"YOL154W"
664,"YOL155C"
665,"YOR1"
666,"YOR129C"
667,"YOR225W"
668,"YOR343C"
669,"YPL095C"
670,"YPL114W"
671,"YPS1"
672,"YRR1"
673,"ZAP1"
674,"ZIP1"
675,"ZRC1"
676,"ZRG17"
677,"ZRT1"
678,"ZRT3"
679,"ZWF1"
680,"ARG80_ARG81"
681,"BAS1_PHO2"
682,"DAL81_DAL82"
683,"GCR1_GCR2"
684,"HAP2_3_4_5"
685,"HAP2_HAP4"
686,"HDA1_TUP1"
687,"IME1_UME6"
688,"SNF2_SWI1"
689,"SSN6_TUP1"
